{
    "cam_K": [
        [
            524.8734741210938,
            0.0,
            637.4459838867188
        ],
        [
            0.0,
            524.8734741210938,
            363.0462646484375
        ],
        [
            0.0,
            0.0,
            1.0
        ]
    ],
    "cam_dist": [
        [
            0.0,
            0.0,
            0.0,
            0.0,
            0.0
        ]
    ],
    "cam_pose": [
        {
            "file": "data/220720_M327/calib.png",
            "rvec": [
                [
                    1.327063730233178
                ],
                [
                    -1.2782900932843944
                ],
                [
                    1.1661431837372487
                ]
            ],
            "tvec": [
                [
                    -0.1013816452726627
                ],
                [
                    0.3311917297803745
                ],
                [
                    0.044317998784536246
                ]
            ]
        }
    ]
}