{
    "cam_K": [
        [
            528.4384403571781,
            0.0,
            642.4560088649163
        ],
        [
            0.0,
            528.3385030373163,
            365.2032800609494
        ],
        [
            0.0,
            0.0,
            1.0
        ]
    ],
    "cam_distort": [
        [
            0.0,
            0.0,
            0.0,
            0.0,
            0.0
        ]
    ]
}