{
    "svo_file"          : "data/220720_M327/long.svo",
    "surface_file"      : "data/220720_M327/surface.ply",

    "localizer_option"  : {
        "init_rvec"     : [ 1.57079633, 0, 0 ],
        "init_tvec"     : [ 0.4, 2.16, 0 ],
        "zed_K"         : [ [ 524.6716918945312, 0.0, 637.4473876953125 ],
                            [ 0.0, 524.6716918945312, 363.0568542480469 ],
                            [ 0.0, 0.0, 1.0 ] ],
        "zed_distort"   : [ 0.0, 0.0, 0.0, 0.0, 0.0 ],
        "zed_rvec"      : [ 0.1231039400777253, 0.007833250295797697, 0.03186117845806111 ],
        "zed_tvec"      : [ 0.03354500194527095, 0.3355211130236905, 0.04332072597528849 ]
    },

    "vis_axes_length"   : 0.2,
    "vis_cam_lookat"    : [ 0.4, 1.5, 0 ],
    "vis_cam_eye"       : [ 0.4, 2.5, -0.5 ],
    "vis_show_ground"   : false
}
