{
    "cam_K": [
        [
            524.8734741210938,
            0.0,
            637.4459838867188
        ],
        [
            0.0,
            524.8734741210938,
            363.0462646484375
        ],
        [
            0.0,
            0.0,
            1.0
        ]
    ],
    "cam_dist": [
        [
            0.0,
            0.0,
            0.0,
            0.0,
            0.0
        ]
    ],
    "cam_pose": [
        {
            "file": "data/220902_Gym/calib1.png",
            "rvec": [
                [
                    1.2966884517348503
                ],
                [
                    -1.231916938894662
                ],
                [
                    1.1517245042185384
                ]
            ],
            "tvec": [
                [
                    -0.08314659616633023
                ],
                [
                    0.26310849554099097
                ],
                [
                    0.18463897265502835
                ]
            ]
        }
    ]
}