{
    "cam_K": [
        [
            524.8734741210938,
            0.0,
            637.4459838867188
        ],
        [
            0.0,
            524.8734741210938,
            363.0462646484375
        ],
        [
            0.0,
            0.0,
            1.0
        ]
    ],
    "cam_distort": [
        0.0,
        0.0,
        0.0,
        0.0,
        0.0
    ],
    "cam_pose": [
        {
            "file": "data/220902_Gym/calib1.png",
            "rvec": [
                0.08012646611923388,
                0.039048512375295025,
                0.01420019897993895
            ],
            "tvec": [
                -0.0831465957084103,
                0.2631084973910609,
                0.18463897291851133
            ]
        }
    ]
}