{"cx": 633.663330078125, "cy": 365.1172180175781, "fx": 540.7311401367188, "fy": 540.7311401367188, "dist": [0.0, 0.0, 0.0, 0.0, 0.0]}