{
    "cam_K": [
        [
            524.6716918945312,
            0.0,
            637.4473876953125
        ],
        [
            0.0,
            524.6716918945312,
            363.0568542480469
        ],
        [
            0.0,
            0.0,
            1.0
        ]
    ],
    "cam_distort": [
        0.0,
        0.0,
        0.0,
        0.0,
        0.0
    ],
    "cam_pose": [
        {
            "file": "data/220720_M327/calib.png",
            "rvec": [
                0.1231039400777253,
                0.007833250295797697,
                0.03186117845806111
            ],
            "tvec": [
                0.03354500194527095,
                0.3355211130236905,
                0.04332072597528849
            ]
        }
    ]
}