{
    "cam_K": [
        [
            528.6235961914062,
            0.0,
            650.1663818359375
        ],
        [
            0.0,
            528.6235961914062,
            367.81011962890625
        ],
        [
            0.0,
            0.0,
            1.0
        ]
    ],
    "cam_distort": [
        0.0,
        0.0,
        0.0,
        0.0,
        0.0
    ],
    "cam_pose": [
        {
            "file": "data/230116_M327/calib.png",
            "rvec": [
                0.06461556081842654,
                0.059153567132871294,
                -0.01155451824512317
            ],
            "tvec": [
                0.0691212612149729,
                0.336541307152854,
                0.0035089126573372444
            ]
        }
    ]
}